timestamp,avg_reward,total_loss,node_loss,link_loss,cand_loss
1777964057.4668632,0.457503,-8.113756,-0.261504,-0.986072,-6.866179
1777964065.122448,0.485992,-6.073897,-0.185127,-0.639912,-5.248858
1777964070.467107,0.547004,-16.522545,-0.533607,-1.650858,-14.338079
1777964076.4202938,0.525356,-7.231636,-0.226787,-0.735964,-6.268886
1777964082.3562438,0.510933,-8.191628,-0.260080,-1.005445,-6.926103
1777964088.673451,0.509185,-7.573977,-0.237749,-0.897066,-6.439161
1777964096.1987991,0.512235,-11.925016,-0.369330,-1.144484,-10.411201
1777964100.568256,0.593028,-11.623454,-0.360576,-1.094625,-10.168253
1777964107.899382,0.502514,-10.081919,-0.328114,-1.140533,-8.613272
1777964112.2937589,0.579017,-11.165145,-0.326828,-1.103175,-9.735142
1777964120.827862,0.504469,-9.047892,-0.277792,-1.007457,-7.762643
1777964125.4161,0.523315,-8.089969,-0.254574,-0.792991,-7.042404
1777964129.20437,0.612960,-11.001273,-0.339182,-1.096455,-9.565637
1777964135.305744,0.521037,-10.418517,-0.324940,-1.052746,-9.040832
1777964139.439618,0.581972,-7.903326,-0.235474,-0.716559,-6.951293
1777964144.015095,0.551715,-8.935282,-0.271300,-0.666624,-7.997358
1777964149.517984,0.552147,-9.999635,-0.318971,-0.975737,-8.704927
1777964155.9046662,0.482762,-6.432003,-0.201768,-0.640090,-5.590145
1777964160.528746,0.591808,-9.959846,-0.294927,-0.801834,-8.863085
1777964167.566656,0.543458,-14.382652,-0.448190,-1.637833,-12.296629
1777964173.8758368,0.508439,-9.272957,-0.282966,-1.027989,-7.962002
1777964181.447941,0.521515,-13.935465,-0.425286,-1.528492,-11.981687
1777964189.538032,0.520895,-12.846087,-0.403758,-1.819219,-10.623110
1777964195.29934,0.555125,-10.300730,-0.319362,-1.105572,-8.875795
1777964199.4422379,0.545564,-6.691646,-0.212179,-0.719326,-5.760142
1777964207.9479291,0.461380,-7.525148,-0.234471,-0.825113,-6.465564
1777964212.980417,0.559701,-12.377031,-0.384353,-1.358220,-10.634459
1777964217.383552,0.588872,-11.505035,-0.344032,-1.137762,-10.023241
1777964222.712256,0.565468,-9.803822,-0.302434,-1.126886,-8.374501
1777964227.955286,0.561098,-11.519767,-0.350867,-1.393191,-9.775708
1777964234.196099,0.548354,-10.223781,-0.321859,-1.128404,-8.773518
1777964238.850276,0.565411,-10.653213,-0.320469,-0.854348,-9.478395
1777964245.836267,0.501023,-6.367499,-0.198154,-0.643738,-5.525608
1777964250.758095,0.584734,-13.075901,-0.393443,-1.326469,-11.355989
1777964259.1839502,0.467255,-8.102741,-0.255796,-0.968967,-6.877977
1777964267.122636,0.464928,-7.353772,-0.233613,-0.881263,-6.238896
1777964274.047234,0.554354,-12.056315,-0.364935,-1.514933,-10.176448
1777964279.972961,0.541647,-12.078178,-0.365863,-1.300575,-10.411739
1777964285.313477,0.498812,-3.447555,-0.112683,-0.363621,-2.971251
1777964291.4691808,0.511076,-10.001056,-0.306790,-1.129131,-8.565135
1777964299.118079,0.513253,-9.396813,-0.286223,-0.999533,-8.111057
1777964305.105263,0.544345,-12.150401,-0.364151,-1.152036,-10.634214
1777964310.365619,0.554645,-12.591904,-0.398932,-1.238893,-10.954079
1777964315.718774,0.563490,-12.821563,-0.388996,-1.404004,-11.028563
1777964321.6250508,0.535609,-11.690761,-0.358357,-1.242713,-10.089691
1777964327.130673,0.541431,-10.404366,-0.318391,-1.057092,-9.028884
1777964332.280056,0.501354,-3.793876,-0.122176,-0.396895,-3.274805
1777964339.359134,0.512706,-8.597145,-0.276031,-1.013142,-7.307972
1777964346.736537,0.551170,-20.052814,-0.610335,-2.436162,-17.006317
1777964350.848395,0.558488,-9.407356,-0.279329,-0.702356,-8.425671
1777964358.651098,0.512116,-14.236544,-0.453067,-1.553679,-12.229797
1777964364.831779,0.534468,-11.967826,-0.371546,-1.306979,-10.289301
1777964371.4908822,0.533148,-17.801804,-0.550571,-1.752923,-15.498310
1777964379.289483,0.474605,-4.029456,-0.121158,-0.571688,-3.336610
1777964386.4328792,0.561226,-16.947632,-0.509631,-1.803630,-14.634371
1777964391.666816,0.525963,-5.460618,-0.168894,-0.718327,-4.573396
1777964399.543661,0.494403,-12.411817,-0.385465,-1.308987,-10.717364
1777964403.491439,0.558950,-8.467329,-0.264801,-0.837143,-7.365385
1777964410.183413,0.470820,-6.542063,-0.209934,-0.787734,-5.544395
1777964416.042188,0.533510,-12.485824,-0.381701,-1.251810,-10.852313
1777964421.996232,0.580154,-15.443749,-0.459694,-1.544527,-13.439528
1777964426.857644,0.538910,-8.840866,-0.272210,-0.980332,-7.588324
1777964435.272044,0.494589,-8.556263,-0.273477,-1.185223,-7.097562
1777964441.053408,0.504478,-7.230608,-0.232352,-0.820067,-6.178188
1777964449.587182,0.501018,-8.173891,-0.260529,-1.091775,-6.821588
1777964454.9318762,0.559097,-10.119154,-0.312909,-0.903427,-8.902819
1777964460.0966961,0.533621,-6.333692,-0.206038,-0.948091,-5.179563
1777964466.022354,0.558394,-11.596906,-0.360099,-1.171562,-10.065245
1777964473.0126479,0.528284,-11.101106,-0.337017,-1.275669,-9.488420
1777964479.5486279,0.533592,-13.429610,-0.422323,-1.163141,-11.844146
1777964484.714902,0.530058,-7.938547,-0.260659,-0.638652,-7.039236
1777964489.9920158,0.516113,-4.308475,-0.130836,-0.368296,-3.809343
1777964497.20827,0.519624,-11.197041,-0.338276,-1.358156,-9.500608
1777964504.22643,0.480429,-5.714646,-0.182235,-0.531766,-5.000646
1777964511.376399,0.493278,-10.024647,-0.328980,-1.372814,-8.322852
1777964517.4678771,0.542789,-8.463181,-0.270383,-0.831579,-7.361218
1777964524.81427,0.544309,-12.364479,-0.381183,-1.329627,-10.653669
1777964530.689707,0.530389,-9.458087,-0.291111,-0.887051,-8.279925
1777964536.224703,0.548805,-10.507027,-0.322941,-0.725402,-9.458684
1777964541.373025,0.538238,-8.131986,-0.248946,-0.835647,-7.047392
1777964548.9060092,0.488867,-7.768557,-0.242130,-1.003371,-6.523056
1777964555.06447,0.570102,-11.537824,-0.354950,-1.314325,-9.868549
1777964558.331189,0.567567,-7.054402,-0.207098,-0.575676,-6.271627
1777964563.361846,0.509090,-7.315377,-0.236225,-0.783946,-6.295206
1777964567.573129,0.562882,-5.997834,-0.183158,-0.607906,-5.206769
1777964571.358277,0.593058,-11.105850,-0.323287,-0.975144,-9.807419
1777964575.262418,0.553639,-5.452672,-0.168189,-0.543916,-4.740567
1777964581.890202,0.509184,-9.331735,-0.297360,-1.177252,-7.857123
1777964586.841683,0.527171,-6.792317,-0.211239,-0.647036,-5.934042
1777964591.322305,0.570040,-8.900338,-0.277761,-1.084080,-7.538497
1777964596.65812,0.501773,-6.936891,-0.210837,-0.726189,-5.999866
1777964601.628148,0.542423,-9.118890,-0.273092,-0.764858,-8.080939
1777964607.0203211,0.565148,-14.595559,-0.449270,-1.406613,-12.739676
1777964611.7359622,0.546938,-8.382056,-0.257395,-0.841537,-7.283125
1777964619.676045,0.473904,-6.827088,-0.217834,-0.846545,-5.762709
1777964625.942152,0.510149,-7.445679,-0.245084,-0.809078,-6.391517
1777964632.687071,0.511905,-11.345083,-0.356894,-1.344390,-9.643800
1777964639.419232,0.535083,-15.199623,-0.469096,-1.465466,-13.265062
1777964646.063978,0.517791,-14.251702,-0.444460,-1.475470,-12.331772
1777964652.726876,0.512714,-10.267399,-0.320323,-1.172665,-8.774410
1777964655.49612,0.629171,-8.209929,-0.243054,-0.622861,-7.344015
1777964661.155932,0.550015,-8.952890,-0.278192,-0.889159,-7.785539
1777964666.773448,0.533303,-7.690708,-0.235334,-0.727856,-6.727519
1777964672.568165,0.501591,-5.458744,-0.179967,-0.617248,-4.661529
1777964676.906219,0.552928,-5.729568,-0.167976,-0.422985,-5.138607
1777964682.527668,0.515134,-5.603729,-0.171523,-0.580875,-4.851332
1777964691.0323992,0.474009,-5.445406,-0.170980,-0.757293,-4.517134
1777964700.66436,0.479814,-11.802631,-0.371629,-1.576827,-9.854175
1777964706.294097,0.511870,-9.101088,-0.282748,-0.735158,-8.083181
1777964713.883945,0.496576,-9.988638,-0.324224,-1.216910,-8.447504
1777964720.5890932,0.524996,-7.438189,-0.246101,-0.883666,-6.308422
1777964726.695056,0.545807,-11.576692,-0.362543,-1.206128,-10.008020
1777964730.273281,0.585808,-9.395106,-0.285268,-0.893012,-8.216826
1777964735.7924201,0.500689,-5.368170,-0.161425,-0.753047,-4.453698
1777964742.082721,0.497950,-6.583606,-0.206297,-0.837766,-5.539543
1777964748.8431401,0.512880,-10.084229,-0.315013,-1.326517,-8.442698
1777964756.1819541,0.498057,-8.362453,-0.258878,-0.948456,-7.155120
1777964763.346102,0.524478,-13.472449,-0.420624,-1.544379,-11.507447
1777964772.8840141,0.476469,-8.677973,-0.284127,-1.264723,-7.129123
1777964777.26312,0.564745,-10.200713,-0.319412,-0.954410,-8.926891
1777964783.723491,0.524116,-9.912721,-0.305330,-1.110841,-8.496550
1777964788.0189672,0.560580,-8.581482,-0.261025,-0.769486,-7.550971
1777964793.465981,0.542034,-8.673404,-0.270008,-0.843439,-7.559958
1777964799.114774,0.514192,-12.538692,-0.398125,-1.304297,-10.836269
1777964806.3442628,0.541506,-12.539501,-0.399765,-1.524872,-10.614864
1777964813.9586198,0.531629,-15.618576,-0.479008,-1.918792,-13.220777
1777964819.8486242,0.538119,-11.452024,-0.349053,-1.245282,-9.857688
1777964826.5682628,0.537056,-13.585808,-0.425736,-1.486430,-11.673642
1777964832.245188,0.531033,-7.108401,-0.224646,-0.606096,-6.277659
1777964838.419106,0.516128,-8.155300,-0.261760,-1.040329,-6.853211
1777964843.268957,0.593606,-11.086998,-0.354693,-1.309636,-9.422668
1777964849.150738,0.534140,-6.439242,-0.208198,-0.696459,-5.534585
1777964853.846089,0.593772,-11.011177,-0.332926,-0.956599,-9.721653
1777964860.1734242,0.547601,-9.697676,-0.306006,-1.049415,-8.342255
1777964866.478397,0.528852,-11.989152,-0.374609,-1.450458,-10.164085
1777964875.50921,0.498324,-9.584397,-0.304838,-1.001761,-8.277798
1777964884.360853,0.466416,-3.494433,-0.110086,-0.448541,-2.935806
1777964890.08337,0.593554,-14.660135,-0.467467,-1.438507,-12.754161
1777964896.478389,0.553443,-10.880141,-0.341572,-1.130951,-9.407619
1777964901.800616,0.582679,-13.986532,-0.451517,-1.569270,-11.965746
1777964909.419801,0.470914,-8.086325,-0.260098,-0.758736,-7.067491
1777964915.84053,0.507138,-4.624329,-0.147667,-0.503435,-3.973227
1777964921.2394009,0.569261,-14.090023,-0.437111,-1.393828,-12.259084
1777964928.6474628,0.528078,-10.807221,-0.354346,-1.327551,-9.125324
1777964935.214445,0.586436,-11.743381,-0.363772,-1.399297,-9.980311
1777964939.265027,0.531874,-6.747457,-0.197480,-0.657082,-5.892895
1777964946.3644748,0.490907,-4.280481,-0.139711,-0.518666,-3.622104
1777964954.392,0.525023,-15.022053,-0.467461,-1.694131,-12.860461
1777964962.6233048,0.500665,-13.793885,-0.438041,-1.592682,-11.763163
1777964968.636866,0.499233,-2.522530,-0.079227,-0.355071,-2.088231
1777964975.034708,0.564949,-13.573042,-0.435242,-1.358461,-11.779339
1777964981.745216,0.552461,-15.679801,-0.484083,-1.676150,-13.519567
1777964988.9558022,0.512083,-11.063431,-0.343281,-1.292169,-9.427980
1777964995.368259,0.520773,-12.098036,-0.378505,-1.047409,-10.672122
1777965001.851341,0.528856,-12.965279,-0.397169,-1.131317,-11.436792
1777965007.704193,0.540452,-15.392751,-0.475557,-1.424518,-13.492676
1777965014.850542,0.558712,-15.114687,-0.453536,-1.599515,-13.061636
1777965021.154998,0.514062,-7.773293,-0.240384,-0.837372,-6.695538
1777965026.654052,0.538335,-7.512851,-0.248265,-0.737796,-6.526791
1777965031.642988,0.582181,-11.081009,-0.353171,-0.946471,-9.781366
1777965037.816552,0.556335,-9.946971,-0.323771,-1.111249,-8.511951
1777965043.2107468,0.543798,-8.858442,-0.291321,-0.989810,-7.577312
1777965047.9196491,0.602697,-14.851121,-0.443577,-1.319705,-13.087839
1777965052.9608781,0.558315,-8.207521,-0.261362,-0.889879,-7.056281
1777965060.032894,0.519417,-11.839770,-0.376629,-1.239632,-10.223509
1777965066.3892748,0.493530,-3.271275,-0.108231,-0.419601,-2.743443
1777965073.973195,0.539330,-11.103543,-0.360745,-1.393810,-9.348989
1777965080.34049,0.528192,-12.491364,-0.397762,-1.351534,-10.742068
1777965089.367641,0.490302,-8.166788,-0.267950,-1.021178,-6.877660
1777965096.746864,0.517727,-10.880527,-0.346049,-1.262677,-9.271801
1777965103.452288,0.502957,-5.269917,-0.167024,-0.524926,-4.577967
1777965109.964237,0.520594,-11.334015,-0.342982,-1.279776,-9.711257
1777965116.3887591,0.523409,-7.962080,-0.256635,-1.016991,-6.688455
1777965121.802047,0.571820,-12.042725,-0.394533,-1.421805,-10.226387
1777965126.480216,0.534002,-7.115650,-0.215766,-0.603138,-6.296745
1777965134.750326,0.480835,-6.103905,-0.197227,-0.843622,-5.063056
1777965141.309723,0.521893,-10.988850,-0.353829,-1.297789,-9.337232
1777965144.418684,0.568244,-5.103416,-0.156783,-0.316311,-4.630323
1777965151.0031512,0.544748,-10.375658,-0.330420,-1.005275,-9.039964
1777965156.360839,0.523694,-9.258087,-0.287505,-0.830356,-8.140225
1777965162.217094,0.570780,-16.280687,-0.486736,-1.745004,-14.048946
1777965170.373321,0.468791,-8.760728,-0.290038,-1.067014,-7.403677
1777965176.202606,0.513662,-8.870045,-0.272403,-0.946910,-7.650732
1777965184.206982,0.495245,-11.208172,-0.345128,-1.480546,-9.382498
1777965188.751484,0.566346,-8.702659,-0.274867,-0.892907,-7.534884
1777965195.3063302,0.514038,-8.544940,-0.259496,-0.718416,-7.567028
1777965201.949225,0.504508,-5.686614,-0.177208,-0.541450,-4.967957
1777965207.028827,0.569358,-15.472239,-0.500025,-1.491753,-13.480460
1777965214.5656462,0.519217,-11.575621,-0.359546,-1.284339,-9.931736
1777965220.939638,0.501636,-7.149312,-0.227767,-0.751269,-6.170276
1777965225.8901582,0.548723,-10.732802,-0.327539,-1.069880,-9.335384
1777965231.758375,0.528435,-8.088401,-0.247721,-1.060836,-6.779843
1777965236.186295,0.578349,-12.176000,-0.359740,-0.925394,-10.890866
1777965242.802797,0.508130,-7.380479,-0.225509,-0.794077,-6.360893
1777965250.4633641,0.493202,-9.516859,-0.308172,-1.222449,-7.986238
1777965256.532539,0.584000,-17.325394,-0.543170,-1.635005,-15.147218
1777965262.4949892,0.558924,-10.925971,-0.345360,-0.998075,-9.582536
1777965269.277214,0.522974,-9.944984,-0.309292,-1.114837,-8.520855
1777965275.662534,0.508544,-8.630258,-0.270398,-0.859598,-7.500262
1777965280.817569,0.532194,-6.111089,-0.185707,-0.504378,-5.421003
1777965286.581532,0.555273,-12.991814,-0.394848,-1.181325,-11.415641
1777965294.036751,0.461523,-3.595094,-0.112030,-0.410718,-3.072346
1777965299.33104,0.561262,-13.543227,-0.425393,-1.400387,-11.717447
1777965307.9002209,0.472552,-7.664170,-0.249427,-0.882754,-6.531990
1777965313.933583,0.536431,-10.689079,-0.324239,-1.120127,-9.244714
1777965320.886264,0.548801,-8.951386,-0.275061,-1.017692,-7.658634
1777965326.8236082,0.524262,-8.823293,-0.281726,-0.965619,-7.575949
1777965332.698796,0.529671,-7.321929,-0.227531,-0.784480,-6.309918
1777965337.3411179,0.577482,-10.597808,-0.331997,-0.995964,-9.269848
1777965343.530567,0.551008,-9.830703,-0.318319,-0.974327,-8.538056
1777965348.898188,0.557939,-11.073723,-0.355810,-1.032669,-9.685244
1777965359.047851,0.485140,-7.482253,-0.241454,-1.002167,-6.238632
1777965365.094239,0.548857,-10.594349,-0.334536,-1.183646,-9.076167
1777965370.4825852,0.526230,-10.929932,-0.336071,-1.155817,-9.438044
1777965376.763291,0.587541,-19.867023,-0.612096,-1.905574,-17.349354
1777965384.741503,0.501369,-7.020609,-0.226167,-1.004189,-5.790252
1777965389.3813481,0.566937,-10.761720,-0.322805,-0.987744,-9.451171
1777965394.2774441,0.563814,-13.403104,-0.416153,-1.398036,-11.588915
1777965399.2697458,0.582620,-11.381235,-0.348074,-1.267859,-9.765303
1777965404.239199,0.568510,-13.965327,-0.430088,-1.555615,-11.979625
1777965410.158814,0.573232,-9.530384,-0.293742,-0.984546,-8.252096
1777965414.395096,0.572957,-5.794977,-0.187048,-0.671221,-4.936708
1777965421.01885,0.533950,-14.755409,-0.450118,-1.262258,-13.043034
1777965425.26193,0.543732,-5.989624,-0.185369,-0.589415,-5.214840
1777965431.657907,0.516713,-8.945253,-0.275620,-0.965150,-7.704483
1777965437.066462,0.532467,-8.915075,-0.264259,-0.761573,-7.889243
1777965443.042568,0.549636,-10.225971,-0.336911,-1.061168,-8.827892
1777965449.008536,0.514714,-8.523116,-0.261775,-0.800657,-7.460683
1777965457.49612,0.500379,-9.612541,-0.296106,-1.065502,-8.250933
1777965462.4501681,0.560983,-9.244902,-0.280032,-0.794748,-8.170122
1777965468.565284,0.547389,-8.127234,-0.254790,-1.175116,-6.697328
1777965475.7489421,0.508939,-9.115244,-0.294775,-0.979753,-7.840716
1777965482.6446788,0.505424,-13.817176,-0.424586,-1.283638,-12.108952
1777965491.2862122,0.503176,-11.052611,-0.353504,-1.250535,-9.448572
1777965497.5943701,0.556239,-13.803339,-0.424459,-1.226044,-12.152836
1777965504.895444,0.499615,-8.320072,-0.271876,-0.997653,-7.050544
1777965510.9263842,0.553835,-14.630206,-0.442104,-1.698721,-12.489382
1777965514.9363751,0.579408,-10.627892,-0.322906,-1.099837,-9.205149
1777965520.593626,0.535416,-6.803656,-0.223094,-0.654764,-5.925797
1777965528.2729979,0.528020,-13.851789,-0.445263,-1.438273,-11.968253
1777965534.026648,0.551100,-14.074049,-0.439790,-1.320992,-12.313267
1777965542.252598,0.516950,-12.246753,-0.382348,-1.336722,-10.527683
1777965549.861614,0.518222,-14.000631,-0.431424,-1.575629,-11.993578
1777965557.9919538,0.512863,-12.442160,-0.397536,-1.296095,-10.748528
1777965564.490228,0.546329,-12.262316,-0.371982,-1.316098,-10.574236
1777965569.870804,0.541634,-8.829515,-0.262909,-0.957510,-7.609096
1777965576.708947,0.516073,-9.794449,-0.302424,-0.923360,-8.568665
1777965581.848321,0.525795,-4.060654,-0.131076,-0.486408,-3.443170
1777965590.7759519,0.503648,-9.661360,-0.302617,-1.382444,-7.976299
1777965595.9127629,0.552323,-4.610518,-0.134121,-0.472531,-4.003866
1777965602.174907,0.551415,-14.205718,-0.428054,-1.433690,-12.343974
1777965606.481387,0.561449,-8.111189,-0.248385,-0.740006,-7.122798
1777965612.7339818,0.538732,-9.212370,-0.285659,-0.963055,-7.963657
1777965618.1046689,0.544409,-10.022896,-0.304718,-0.918751,-8.799427
1777965622.3415291,0.593477,-9.708033,-0.283628,-0.854079,-8.570326
1777965630.028633,0.497847,-9.067024,-0.278342,-0.938698,-7.849984
1777965634.832247,0.523563,-7.601751,-0.236485,-0.811663,-6.553603
1777965639.300042,0.511885,-4.629379,-0.145839,-0.358687,-4.124853
1777965644.1817741,0.533460,-6.591538,-0.209029,-0.701295,-5.681215
1777965651.979499,0.477827,-5.490966,-0.177152,-0.753598,-4.560216
1777965658.20731,0.547570,-9.544765,-0.289978,-1.161746,-8.093041
1777965665.034187,0.509131,-8.028445,-0.257848,-1.060372,-6.710225
1777965670.44328,0.533205,-4.596469,-0.145100,-0.598699,-3.852670
1777965676.827678,0.539015,-10.146272,-0.318842,-1.050684,-8.776745
1777965682.8569758,0.535566,-10.495248,-0.305998,-1.053927,-9.135323
1777965690.2387662,0.494417,-8.826594,-0.280899,-0.893381,-7.652314
1777965698.726076,0.521477,-13.150628,-0.416778,-1.483346,-11.250504
1777965705.433652,0.521392,-10.455208,-0.332879,-1.190473,-8.931856
1777965713.576281,0.506163,-8.398201,-0.277655,-0.890542,-7.230004
1777965720.839381,0.568212,-16.917463,-0.530632,-1.554166,-14.832665
1777965727.632662,0.550001,-18.508278,-0.573657,-1.962086,-15.972535
1777965733.416213,0.495797,-4.029633,-0.128435,-0.630967,-3.270231
1777965739.8604941,0.507340,-10.958712,-0.339109,-1.142219,-9.477384
1777965744.888541,0.527293,-6.158859,-0.190550,-0.660821,-5.307487
1777965755.6748302,0.465494,-7.620494,-0.246727,-0.997877,-6.375890
1777965762.926379,0.520097,-9.857958,-0.299155,-1.273269,-8.285534
1777965768.333644,0.545095,-12.184525,-0.379632,-1.313528,-10.491364
1777965774.431086,0.523131,-8.627748,-0.263877,-0.863216,-7.500654
1777965780.979733,0.510578,-11.694592,-0.372916,-1.078186,-10.243489
1777965788.4017549,0.490567,-7.218505,-0.230519,-0.918395,-6.069592
1777965795.32583,0.549694,-8.455819,-0.267793,-0.838141,-7.349885
1777965801.183716,0.512880,-5.808581,-0.179272,-0.886253,-4.743056
1777965807.6215549,0.571529,-18.296698,-0.573686,-1.913548,-15.809464
1777965816.1879559,0.509576,-11.549450,-0.364390,-1.472534,-9.712525
1777965822.9811661,0.500323,-7.869954,-0.247661,-0.866220,-6.756073
1777965827.480505,0.525957,-4.802725,-0.145641,-0.455920,-4.201164
1777965833.902771,0.539520,-13.575050,-0.424781,-1.605328,-11.544941
1777965840.397095,0.500315,-5.835843,-0.186701,-0.797722,-4.851419
1777965851.231738,0.452862,-5.747150,-0.186622,-0.820024,-4.740505
1777965855.5545049,0.610559,-13.567757,-0.407693,-1.239603,-11.920461
1777965863.168027,0.526690,-12.766479,-0.395812,-1.375972,-10.994696
1777965870.3218539,0.506067,-7.045523,-0.219529,-0.786231,-6.039763
1777965877.152728,0.539765,-17.052635,-0.536542,-1.541948,-14.974144
1777965884.989096,0.522727,-12.880396,-0.390420,-1.254189,-11.235786
1777965891.30602,0.526156,-10.273607,-0.314101,-1.184951,-8.774555
1777965898.820909,0.563761,-16.103249,-0.506032,-1.882416,-13.714801
1777965903.273643,0.589957,-4.646580,-0.143223,-0.394822,-4.108534
1777965911.0175638,0.482685,-4.811170,-0.154900,-0.584514,-4.071756
1777965920.7219121,0.497746,-10.647367,-0.326871,-1.291138,-9.029357
1777965926.5295749,0.570364,-10.494505,-0.306414,-0.998271,-9.189820
1777965935.458761,0.521342,-5.210424,-0.167603,-0.760526,-4.282295
1777965941.91562,0.552202,-11.291504,-0.358764,-1.216226,-9.716513
1777965945.947291,0.609372,-10.144215,-0.315908,-1.035647,-8.792660
1777965951.7192729,0.582779,-13.209192,-0.400210,-1.362767,-11.446215
1777965959.17727,0.519933,-11.931919,-0.357631,-1.224163,-10.350124
1777965965.684267,0.540380,-12.239005,-0.386360,-1.356440,-10.496204
1777965971.782999,0.527654,-10.280337,-0.312593,-1.107837,-8.859907
1777965978.55725,0.488816,-6.560130,-0.216063,-0.734839,-5.609228
1777965983.63829,0.628245,-14.264735,-0.436250,-1.454606,-12.373879
1777965989.509604,0.556402,-11.551659,-0.366269,-1.182847,-10.002542
1777965997.240968,0.555548,-16.015385,-0.493619,-1.584629,-13.937138
1777966004.6996841,0.547241,-17.505442,-0.530018,-1.623946,-15.351478
1777966009.4092531,0.519285,-6.853929,-0.211095,-0.777872,-5.864962
1777966015.830467,0.508429,-5.992024,-0.183415,-0.575728,-5.232882
1777966021.912004,0.545130,-6.715011,-0.199935,-0.772719,-5.742357
1777966029.4860249,0.511252,-9.426223,-0.294013,-1.093461,-8.038749
1777966036.3832672,0.537420,-13.853261,-0.431939,-1.489879,-11.931442
1777966043.1412108,0.585445,-14.139671,-0.416924,-1.511307,-12.211440
1777966050.688004,0.537316,-13.111335,-0.394427,-1.167748,-11.549160
1777966058.685411,0.530999,-14.632399,-0.473553,-1.744029,-12.414817
1777966065.474257,0.514748,-9.757355,-0.302675,-1.067964,-8.386716
1777966070.224565,0.573186,-10.145374,-0.312369,-0.965335,-8.867669
1777966077.0260758,0.507040,-7.778866,-0.241821,-0.898673,-6.638371
1777966082.9629388,0.580555,-14.967621,-0.463494,-1.536143,-12.967984
1777966087.175564,0.558710,-12.077789,-0.362410,-1.047744,-10.667635
1777966096.379363,0.481671,-6.316125,-0.208292,-0.851696,-5.256137
1777966102.593733,0.508756,-8.690186,-0.258960,-0.925011,-7.506216
1777966109.184,0.580244,-10.252273,-0.348972,-1.100994,-8.802306
1777966117.448415,0.486243,-8.896976,-0.282053,-0.847813,-7.767111
1777966124.5681448,0.541831,-10.298191,-0.311717,-1.046281,-8.940192
1777966130.9288352,0.556980,-11.000128,-0.336850,-1.337237,-9.326040
1777966136.237955,0.534447,-5.413437,-0.171353,-0.579809,-4.662274
1777966142.3988822,0.516551,-6.554599,-0.206882,-0.848956,-5.498762
1777966147.362504,0.604521,-20.193733,-0.631600,-2.191641,-17.370491
1777966154.783316,0.516075,-11.465479,-0.361236,-1.118553,-9.985690
1777966161.045701,0.570787,-17.262608,-0.532483,-1.639278,-15.090847
1777966165.701407,0.604598,-10.178131,-0.303080,-0.800444,-9.074607
1777966173.93907,0.511519,-2.246083,-0.068872,-0.398173,-1.779038
1777966178.728354,0.613014,-12.001603,-0.362827,-0.945537,-10.693239
1777966185.071899,0.547888,-15.117579,-0.458215,-1.530248,-13.129116
1777966191.803218,0.572973,-9.150019,-0.289523,-1.033144,-7.827352
1777966198.1679292,0.561508,-11.688561,-0.367405,-1.296263,-10.024893
1777966205.5765178,0.546294,-8.833790,-0.291308,-1.005779,-7.536703
1777966210.862048,0.500548,-1.944943,-0.065117,-0.252799,-1.627028
1777966216.8305979,0.542723,-9.216540,-0.291140,-1.108765,-7.816635
1777966222.5057092,0.580195,-10.554194,-0.313878,-0.960641,-9.279675
1777966229.719378,0.503535,-10.945821,-0.350645,-1.384731,-9.210444
1777966239.405761,0.453069,-3.290314,-0.114053,-0.502142,-2.674119
1777966247.17954,0.515223,-8.794645,-0.285566,-1.143741,-7.365339
1777966255.622377,0.533198,-13.822930,-0.442695,-1.947603,-11.432632
1777966263.220927,0.509280,-9.993449,-0.321722,-1.040195,-8.631532
1777966269.071856,0.502319,-5.626254,-0.188762,-0.583745,-4.853746
1777966275.6730828,0.566998,-11.474403,-0.348030,-1.266893,-9.859481
1777966280.989857,0.611239,-12.131203,-0.357376,-1.166030,-10.607797
1777966287.329601,0.558055,-12.963469,-0.408266,-1.411762,-11.143441
1777966292.903508,0.532469,-8.129696,-0.253665,-0.821990,-7.054040
1777966302.860799,0.485295,-9.606069,-0.305356,-1.134360,-8.166352
1777966308.74444,0.552099,-10.057085,-0.316009,-1.225533,-8.515542
1777966317.748597,0.491021,-8.303199,-0.271866,-1.030361,-7.000971
1777966323.094625,0.548238,-7.725749,-0.237726,-0.870382,-6.617641
1777966329.436953,0.535969,-4.451707,-0.144316,-0.458168,-3.849224
1777966337.579606,0.557809,-17.770853,-0.540800,-2.262752,-14.967300
1777966344.233402,0.526472,-7.488152,-0.242454,-0.809171,-6.436527
1777966348.7659059,0.600266,-7.591725,-0.212623,-0.599235,-6.779866
1777966356.6566532,0.504706,-7.185142,-0.224348,-0.766985,-6.193809
1777966363.085516,0.541645,-14.789583,-0.470573,-1.678110,-12.640900
1777966370.458878,0.560114,-15.539777,-0.479900,-1.739770,-13.320107
1777966379.282511,0.540263,-11.043650,-0.355616,-1.247392,-9.440642
1777966384.393775,0.566003,-11.448370,-0.356943,-1.346725,-9.744701
1777966390.659246,0.536061,-9.716885,-0.306055,-0.969846,-8.440984
1777966396.904507,0.522590,-8.006088,-0.254327,-0.918519,-6.833242
1777966403.684374,0.535604,-10.055678,-0.324706,-1.152918,-8.578053
1777966409.594517,0.542513,-10.946663,-0.334418,-1.135711,-9.476534
1777966415.0216079,0.575917,-10.759966,-0.344379,-0.978666,-9.436920
1777966421.4170198,0.613880,-16.465578,-0.513810,-1.569122,-14.382647
1777966426.680798,0.589832,-12.687146,-0.380696,-1.127954,-11.178495
1777966434.4209,0.497270,-5.215350,-0.173345,-0.716897,-4.325107
1777966440.139814,0.583510,-12.775268,-0.386327,-1.118655,-11.270286
1777966444.972018,0.552418,-7.557774,-0.228133,-0.725475,-6.604166
1777966453.390635,0.547740,-9.132253,-0.292913,-0.946598,-7.892741
1777966459.8067358,0.565173,-13.556344,-0.413539,-1.517591,-11.625215
1777966466.367885,0.538933,-12.341856,-0.378830,-1.280694,-10.682332
1777966474.0106409,0.524417,-13.426081,-0.407498,-1.439721,-11.578861
1777966480.378389,0.557481,-14.042520,-0.453154,-1.614981,-11.974384
1777966489.4337049,0.577005,-17.813929,-0.564105,-2.218562,-15.031261
1777966497.24211,0.498255,-5.436635,-0.180172,-0.585479,-4.670984
1777966501.6229498,0.610976,-9.499206,-0.283519,-0.765074,-8.450612
1777966505.3740249,0.608208,-12.293077,-0.365419,-1.221922,-10.705736
1777966512.277382,0.570287,-16.740705,-0.525194,-1.783992,-14.431520
1777966520.917452,0.526380,-9.609612,-0.295798,-1.157878,-8.155934
1777966527.0776792,0.521538,-7.591382,-0.250089,-0.879267,-6.462025
1777966533.6155179,0.555409,-9.058203,-0.287187,-1.122362,-7.648654
1777966540.390134,0.535555,-9.191055,-0.301668,-1.090003,-7.799384
1777966546.611973,0.553602,-9.734610,-0.311110,-1.047481,-8.376019
1777966552.54704,0.524872,-7.357327,-0.224091,-0.660635,-6.472601
1777966558.2482848,0.577452,-9.340405,-0.300256,-0.888854,-8.151294
1777966563.488927,0.583911,-11.976923,-0.368180,-1.229240,-10.379504
1777966569.866014,0.590577,-17.693600,-0.550696,-1.996459,-15.146445
1777966575.944691,0.546677,-10.587208,-0.327187,-1.318838,-8.941183
1777966581.490166,0.545427,-5.893928,-0.187380,-0.632858,-5.073690
1777966586.591286,0.571018,-13.100292,-0.419137,-1.386039,-11.295116
1777966591.9230049,0.531278,-8.764109,-0.281418,-0.902182,-7.580510
1777966597.416623,0.515819,-8.532733,-0.270986,-0.949682,-7.312066
1777966601.7097878,0.621285,-13.407192,-0.418899,-1.463925,-11.524368
1777966608.7873971,0.578554,-17.681971,-0.567841,-1.905777,-15.208352
1777966613.201191,0.589369,-8.180795,-0.266648,-0.956812,-6.957335
1777966618.381353,0.583399,-11.119000,-0.346767,-1.415151,-9.357083
1777966623.672294,0.581812,-12.188338,-0.384791,-0.993582,-10.809965
1777966630.1966689,0.548161,-16.455914,-0.516943,-1.826932,-14.112039
1777966635.485516,0.580225,-7.012248,-0.220512,-0.775814,-6.015922
1777966641.09082,0.548995,-11.055009,-0.346662,-1.067548,-9.640799
1777966645.702175,0.605618,-10.727085,-0.344453,-1.131960,-9.250672
1777966648.9310348,0.618860,-12.590462,-0.401448,-1.468611,-10.720403
1777966653.7161999,0.611331,-14.552446,-0.442634,-1.444348,-12.665464
1777966658.9709089,0.562115,-8.364506,-0.277197,-0.911816,-7.175493
1777966664.834131,0.555483,-7.409501,-0.220849,-0.737064,-6.451588
1777966668.887348,0.561340,-6.206160,-0.200434,-0.954596,-5.051130
1777966672.2758799,0.648773,-18.196222,-0.563127,-1.872967,-15.760128
1777966677.5664499,0.615051,-10.471415,-0.331550,-1.371278,-8.768587
1777966681.599147,0.627476,-10.889287,-0.346694,-1.107776,-9.434816
1777966685.9566379,0.584633,-10.852300,-0.339386,-1.047100,-9.465814
1777966690.805274,0.605893,-13.983948,-0.450254,-1.465028,-12.068666
1777966695.815509,0.564730,-10.578282,-0.327766,-1.211434,-9.039082
1777966699.777416,0.588161,-7.591678,-0.234447,-0.764481,-6.592750
1777966705.2859268,0.601909,-16.243155,-0.513036,-2.047261,-13.682857
1777966708.0041962,0.668133,-6.802247,-0.203174,-0.610767,-5.988307
1777966712.589376,0.548521,-10.059662,-0.324263,-1.032820,-8.702579
1777966715.256833,0.602796,-2.828563,-0.097477,-0.324650,-2.406436
1777966719.490145,0.658996,-14.465978,-0.464650,-1.490263,-12.511065
1777966724.881664,0.558242,-6.464773,-0.207671,-0.732605,-5.524497
1777966729.08368,0.627541,-12.833010,-0.420002,-1.356042,-11.056965
1777966732.7044082,0.586079,-5.882468,-0.173793,-0.577333,-5.131341
1777966737.698022,0.600720,-13.790958,-0.433603,-1.558296,-11.799060
1777966741.7203279,0.637952,-11.840816,-0.388873,-1.463626,-9.988317
1777966747.322797,0.617607,-18.827171,-0.607132,-1.780692,-16.439346
1777966751.18298,0.597287,-9.759811,-0.311358,-1.055327,-8.393126
1777966754.53707,0.699049,-13.826101,-0.442599,-1.448712,-11.934790
1777966758.324992,0.582683,-8.211822,-0.275539,-0.694862,-7.241421
1777966761.583395,0.595560,-10.734952,-0.367951,-1.236737,-9.130264
1777966765.129997,0.647812,-9.493793,-0.298942,-1.100189,-8.094663
1777966769.6444001,0.639871,-16.594812,-0.546215,-1.874656,-14.173941
1777966773.0698528,0.599958,-8.338030,-0.267788,-0.923766,-7.146476
1777966775.613467,0.673502,-9.177851,-0.296297,-1.328518,-7.553035
1777966778.238011,0.690638,-10.227901,-0.350227,-1.188794,-8.688879
1777966781.303039,0.622980,-6.281067,-0.212079,-0.771139,-5.297848
1777966784.593175,0.682301,-11.088518,-0.358042,-1.158644,-9.571832
1777966787.280171,0.687920,-11.404166,-0.394421,-1.208169,-9.801578
1777966788.95611,0.695393,-10.160698,-0.338306,-1.111679,-8.710713
1777966791.795848,0.663890,-10.157395,-0.351273,-1.094107,-8.712015
1777966795.515998,0.676809,-10.533293,-0.345559,-1.475520,-8.712214
1777966797.930967,0.737588,-9.441397,-0.309825,-0.912116,-8.219456
1777966800.385673,0.706765,-7.864716,-0.287469,-0.894825,-6.682421
1777966804.4230468,0.635134,-9.817533,-0.344539,-1.000495,-8.472499
1777966806.3857331,0.743542,-8.889147,-0.321946,-0.925253,-7.641948
1777966809.117428,0.728725,-9.367186,-0.340542,-1.097304,-7.929339
1777966811.755577,0.691541,-5.943709,-0.185743,-0.593875,-5.164092
1777966814.487865,0.718692,-10.471416,-0.385191,-1.277482,-8.808743
1777966816.78639,0.709094,-10.392573,-0.369070,-1.101479,-8.922024
1777966818.9623199,0.704017,-9.022354,-0.327544,-1.066570,-7.628240
1777966820.700314,0.780708,-7.746855,-0.279092,-0.870449,-6.597313
1777966823.042273,0.712030,-8.472471,-0.320506,-1.069494,-7.082471
1777966825.0229561,0.714758,-5.354387,-0.191775,-0.641043,-4.521569
1777966827.66136,0.717613,-11.310323,-0.375847,-1.133073,-9.801402
1777966830.3144588,0.672339,-7.150198,-0.246623,-0.704562,-6.199014
1777966832.7872481,0.705029,-5.913161,-0.209235,-0.784368,-4.919558
1777966835.030282,0.737666,-8.168751,-0.296644,-0.923646,-6.948462
1777966837.766772,0.733956,-6.527463,-0.233523,-0.812490,-5.481450
1777966840.72244,0.720812,-9.293440,-0.324621,-1.315735,-7.653083
1777966843.194006,0.689545,-6.371938,-0.249552,-0.954587,-5.167799
1777966845.60499,0.700054,-7.241701,-0.261509,-0.921643,-6.058549
1777966848.347507,0.700341,-7.006947,-0.269598,-0.945827,-5.791521
1777966850.1410859,0.735661,-6.670071,-0.248612,-0.867507,-5.553952
1777966852.178653,0.727364,-10.848860,-0.396222,-1.541861,-8.910777
1777966854.993899,0.718733,-11.268200,-0.395614,-1.207633,-9.664953
1777966856.994894,0.721148,-9.903677,-0.347302,-1.155944,-8.400431
1777966858.801051,0.748023,-3.594084,-0.128972,-0.408253,-3.056859
1777966861.551947,0.691259,-6.759659,-0.260608,-0.774862,-5.724189
1777966863.5596402,0.726670,-6.214930,-0.208415,-0.675676,-5.330839
1777966867.180347,0.692340,-8.829905,-0.322308,-1.126842,-7.380754
1777966870.405683,0.759997,-13.427487,-0.481510,-1.616817,-11.329161
1777966873.713971,0.702334,-9.076850,-0.321168,-1.022170,-7.733511
1777966875.610177,0.737398,-6.788207,-0.234258,-0.757830,-5.796119
1777966877.64881,0.711347,-4.563766,-0.167064,-0.640915,-3.755787
1777966879.523535,0.754240,-9.850091,-0.348940,-1.286770,-8.214380
1777966881.4587479,0.757308,-11.627608,-0.407160,-1.345090,-9.875359
1777966883.604952,0.732203,-10.751508,-0.396518,-1.586194,-8.768795
1777966885.915002,0.671003,-8.641552,-0.322915,-1.263932,-7.054705
1777966888.136234,0.730344,-7.550659,-0.265594,-0.763554,-6.521511
1777966890.687042,0.739161,-8.730258,-0.309159,-0.941457,-7.479642
1777966892.9661171,0.701097,-5.845068,-0.225212,-1.007553,-4.612302
1777966895.8665018,0.705519,-5.195154,-0.204806,-0.770232,-4.220116
1777966897.4546182,0.790258,-5.853088,-0.220014,-0.730975,-4.902099
1777966899.7872121,0.725273,-9.152645,-0.354897,-1.184558,-7.613190
1777966902.042905,0.729264,-8.976596,-0.342827,-1.093076,-7.540693
1777966903.9727008,0.759495,-7.437669,-0.287179,-0.935405,-6.215084
1777966906.023026,0.742615,-6.140584,-0.279193,-0.927075,-4.934316
1777966908.269283,0.736553,-7.421474,-0.306778,-1.000698,-6.113998
1777966910.218848,0.782493,-7.077107,-0.274658,-0.724520,-6.077929
1777966911.965158,0.792344,-9.409105,-0.383301,-1.270447,-7.755358
1777966914.101983,0.720163,-3.590245,-0.151056,-0.623418,-2.815771
1777966916.374034,0.750923,-8.922927,-0.336077,-1.109469,-7.477380
1777966918.984697,0.691420,-5.850401,-0.239315,-0.811848,-4.799238
1777966920.86201,0.725703,-5.692928,-0.241505,-0.899046,-4.552377
1777966923.4057238,0.732205,-6.050513,-0.241985,-0.673569,-5.134959
1777966926.0947049,0.768174,-6.708076,-0.263710,-0.917153,-5.527212
1777966927.855981,0.788198,-7.143936,-0.300543,-0.933756,-5.909637
1777966929.8630002,0.707921,-7.579373,-0.324005,-1.051841,-6.203528
1777966932.221578,0.706028,-3.587064,-0.173079,-0.715783,-2.698203
1777966934.8491678,0.749766,-10.642095,-0.429981,-1.406033,-8.806080
1777966936.68607,0.766387,-9.488160,-0.364491,-1.176152,-7.947517
1777966938.4664419,0.767593,-6.834153,-0.279197,-0.834874,-5.720082
1777966940.4859562,0.726625,-5.778063,-0.232123,-0.868177,-4.677763
1777966942.943398,0.759584,-4.298832,-0.173347,-0.571364,-3.554122
1777966944.778808,0.779174,-5.735154,-0.233681,-0.544318,-4.957154
1777966947.185923,0.723666,-6.708488,-0.276643,-1.004499,-5.427346
1777966949.512905,0.770326,-7.158442,-0.300506,-1.021217,-5.836719
1777966951.178241,0.795667,-7.629200,-0.299852,-0.782904,-6.546444
1777966952.951124,0.748641,-3.503018,-0.147102,-0.506949,-2.848966
1777966955.395391,0.736572,-9.410074,-0.402606,-1.325400,-7.682069
1777966957.210366,0.783633,-6.116823,-0.251277,-0.849071,-5.016475
1777966959.1369119,0.750747,-6.145679,-0.244466,-0.877012,-5.024201
1777966961.266357,0.720960,-7.951340,-0.325827,-1.147719,-6.477794
1777966963.26277,0.775560,-6.247153,-0.285914,-0.872892,-5.088346
1777966965.0545962,0.767877,-5.869337,-0.251777,-0.822263,-4.795297
1777966967.337017,0.737555,-3.265772,-0.136942,-0.388773,-2.740057
1777966969.782775,0.762868,-6.836649,-0.285636,-1.042071,-5.508941
1777966971.801398,0.784675,-3.764880,-0.167072,-0.535550,-3.062258
1777966974.337312,0.771315,-7.563079,-0.322767,-1.068274,-6.172038
1777966976.364816,0.724944,-4.844632,-0.204682,-0.680424,-3.959526
1777966978.302081,0.807112,-7.599479,-0.331597,-0.884479,-6.383403
1777966980.0240781,0.767288,-6.535571,-0.270240,-0.959682,-5.305649
1777966982.1453178,0.763068,-9.965053,-0.423184,-1.437022,-8.104846
1777966983.9516852,0.754247,-6.456448,-0.272132,-0.892712,-5.291604
1777966986.065155,0.747802,-4.885055,-0.223185,-0.887279,-3.774591
1777966988.5802188,0.750871,-7.061809,-0.308843,-1.198988,-5.553977
1777966991.022676,0.739285,-5.322716,-0.230664,-0.856157,-4.235895
1777966993.169438,0.799439,-5.975766,-0.259726,-0.846820,-4.869220
1777966995.562539,0.794908,-6.182851,-0.253902,-0.958434,-4.970515
1777966997.927264,0.760795,-8.520082,-0.364255,-1.334844,-6.820982
1777967000.138613,0.745819,-6.011932,-0.270562,-0.972839,-4.768532
1777967002.0541859,0.747513,-6.069178,-0.247701,-0.792370,-5.029107
1777967004.3904178,0.756788,-5.493450,-0.235027,-0.721537,-4.536885
1777967006.312715,0.761833,-9.448208,-0.399079,-1.339474,-7.709655
1777967008.117704,0.800609,-4.236648,-0.169831,-0.421390,-3.645427
1777967010.489001,0.740340,-3.869678,-0.168792,-0.511478,-3.189408
1777967012.438855,0.779155,-7.048151,-0.308513,-0.902389,-5.837249
1777967014.2972329,0.757340,-7.141204,-0.309627,-1.039550,-5.792027
1777967016.002871,0.765363,-7.293503,-0.308597,-0.947524,-6.037382
1777967017.7908611,0.763176,-4.798363,-0.215754,-0.733122,-3.849487
1777967019.7231948,0.703153,-4.359066,-0.193814,-0.758348,-3.406905
1777967021.5412061,0.799952,-6.208379,-0.266679,-0.884151,-5.057549
1777967023.980064,0.768132,-6.181696,-0.264558,-0.918139,-4.998999
1777967026.03261,0.763060,-4.308059,-0.178860,-0.506040,-3.623158
1777967028.103762,0.768404,-6.530860,-0.295873,-0.862161,-5.372826
1777967030.627618,0.768177,-6.669076,-0.294206,-1.079735,-5.295135
1777967032.3798442,0.810350,-7.023440,-0.311042,-1.062579,-5.649819
1777967034.207817,0.832766,-5.478255,-0.244449,-0.741807,-4.491999
1777967036.140317,0.800413,-6.004941,-0.252953,-0.838549,-4.913438
1777967038.1000478,0.779251,-5.314209,-0.235702,-0.644747,-4.433760
1777967040.320558,0.771090,-5.656329,-0.229566,-0.890157,-4.536606
1777967042.451722,0.784383,-6.604795,-0.282904,-0.903817,-5.418075
1777967044.76191,0.771537,-6.781596,-0.297212,-1.087479,-5.396905
1777967046.624162,0.759508,-6.994718,-0.308984,-0.931738,-5.753996
1777967048.3497658,0.772298,-8.416947,-0.365768,-1.351740,-6.699440
1777967050.106766,0.793074,-6.437734,-0.285308,-0.846110,-5.306316
1777967052.3561459,0.704156,-5.337992,-0.226233,-0.876261,-4.235497
1777967054.521842,0.822181,-6.211413,-0.303899,-1.248056,-4.659459
1777967056.184742,0.775557,-5.518149,-0.244150,-0.773105,-4.500895
1777967058.10511,0.813004,-3.871345,-0.170622,-0.546144,-3.154579
1777967060.2530339,0.751425,-5.608971,-0.242516,-0.880366,-4.486089
1777967061.995937,0.736801,-5.870719,-0.254676,-0.675025,-4.941017
1777967063.974985,0.742563,-7.695960,-0.344912,-1.371532,-5.979517
1777967066.7454898,0.690101,-5.783628,-0.258293,-0.972025,-4.553310
1777967069.082813,0.739841,-3.764185,-0.171212,-0.480483,-3.112489
1777967071.087317,0.747116,-7.687469,-0.335921,-1.238400,-6.113148
1777967073.095281,0.756029,-7.267436,-0.323065,-1.236224,-5.708148
1777967075.134093,0.736572,-5.915788,-0.237751,-0.893655,-4.784382
1777967076.958714,0.723503,-3.938907,-0.182570,-0.587384,-3.168952
1777967078.8344479,0.751280,-7.095034,-0.309253,-0.871602,-5.914178
1777967081.299316,0.720331,-3.419484,-0.160966,-0.640586,-2.617933
1777967083.403423,0.740254,-5.388024,-0.234396,-0.849832,-4.303796
1777967085.0551622,0.785411,-6.781018,-0.342895,-1.201327,-5.236796
1777967087.04444,0.759727,-4.761400,-0.223727,-0.836227,-3.701446
1777967089.089082,0.711486,-3.295484,-0.155180,-0.467300,-2.673003
1777967091.157377,0.754771,-3.876283,-0.178436,-0.648591,-3.049256
1777967093.326632,0.760892,-8.193266,-0.373481,-1.370030,-6.449755
1777967095.1038022,0.750435,-4.808643,-0.205185,-0.710385,-3.893072
1777967097.130574,0.787386,-4.821162,-0.204348,-0.626692,-3.990123
1777967099.517876,0.728071,-8.324786,-0.352797,-1.516477,-6.455512
1777967102.130794,0.708948,-7.554715,-0.321542,-1.018295,-6.214878
1777967104.2192729,0.751314,-7.198453,-0.288142,-1.115153,-5.795157
1777967106.269568,0.778370,-10.422859,-0.431306,-1.575902,-8.415652
1777967108.26974,0.738700,-5.324083,-0.224564,-0.688416,-4.411103
1777967110.764129,0.725381,-6.480422,-0.261861,-0.702584,-5.515977
1777967112.657139,0.762832,-10.352581,-0.433601,-1.589037,-8.329943
1777967115.3079958,0.694921,-7.487083,-0.309495,-1.085377,-6.092212
1777967117.6864672,0.758126,-9.000158,-0.360174,-1.160278,-7.479707
1777967119.36398,0.791657,-9.538456,-0.365468,-1.146078,-8.026910
1777967122.111416,0.662144,-5.285752,-0.242777,-0.990717,-4.052258
1777967124.5880709,0.686777,-4.036103,-0.181550,-0.659453,-3.195100
1777967126.97228,0.687865,-4.556736,-0.181855,-0.646932,-3.727950
1777967129.4735732,0.688042,-7.753564,-0.349112,-1.368056,-6.036396
1777967132.431168,0.721327,-6.854358,-0.285716,-1.015871,-5.552771
1777967134.804714,0.722355,-4.397485,-0.169786,-0.578080,-3.649619
1777967136.750304,0.779287,-10.448794,-0.397688,-1.084214,-8.966892
1777967139.4709241,0.721392,-8.887503,-0.370699,-1.569690,-6.947114
1777967141.513592,0.708456,-5.362928,-0.213168,-0.668749,-4.481011
1777967143.427713,0.732259,-9.773313,-0.381971,-1.267835,-8.123506
1777967145.938831,0.774645,-12.060287,-0.489053,-1.769245,-9.801989
1777967147.5540931,0.760368,-8.378330,-0.348197,-1.142013,-6.888120
1777967149.296066,0.710440,-5.779073,-0.250541,-0.805237,-4.723296
1777967151.248328,0.725290,-6.232197,-0.237539,-1.087121,-4.907537
1777967153.479756,0.726715,-9.292836,-0.385295,-1.113853,-7.793689
1777967154.9576168,0.804534,-5.664951,-0.217403,-0.555337,-4.892210
1777967157.624452,0.687795,-6.351459,-0.260937,-0.770906,-5.319615
1777967159.516632,0.727573,-3.780622,-0.164972,-0.505679,-3.109972
1777967162.247061,0.687908,-5.165902,-0.230198,-0.813570,-4.122135
1777967164.236531,0.770067,-7.111354,-0.327160,-0.999357,-5.784837
1777967166.5390441,0.737329,-6.142018,-0.291749,-1.070370,-4.779899
1777967168.615353,0.733086,-7.350830,-0.310062,-0.903977,-6.136792
1777967170.6172101,0.725468,-5.687788,-0.257630,-0.868022,-4.562136
1777967173.0631418,0.727394,-4.281166,-0.183813,-0.683577,-3.413777
1777967174.813601,0.739541,-5.631612,-0.260058,-1.028461,-4.343093
1777967176.571903,0.792137,-3.429053,-0.133330,-0.385809,-2.909914
1777967178.020204,0.798703,-11.160729,-0.492775,-1.980935,-8.687019
1777967179.875136,0.759671,-6.870417,-0.323000,-0.919926,-5.627491
1777967181.545045,0.792548,-5.028775,-0.237673,-0.743046,-4.048056
1777967183.209888,0.738035,-4.576727,-0.194802,-0.685726,-3.696199
1777967184.910143,0.778576,-6.823949,-0.314963,-0.912991,-5.595994
1777967186.629774,0.789638,-5.731776,-0.275499,-0.799076,-4.657201
1777967188.1477802,0.770543,-8.510432,-0.375738,-1.392538,-6.742156
1777967190.1142578,0.740344,-6.392751,-0.286917,-1.157105,-4.948729
1777967191.9876502,0.754277,-4.315542,-0.207817,-0.762123,-3.345602
1777967193.631957,0.747443,-6.677655,-0.309133,-1.106934,-5.261588
1777967195.264957,0.790706,-6.569886,-0.288663,-1.124853,-5.156370
1777967196.800361,0.780122,-6.175386,-0.281619,-0.878086,-5.015681
1777967198.435356,0.828491,-5.146347,-0.238484,-0.758755,-4.149108
1777967199.800947,0.768011,-4.175227,-0.228631,-0.639549,-3.307047
1777967201.306688,0.779982,-7.894300,-0.383498,-1.265828,-6.244974
1777967203.816979,0.711206,-3.998152,-0.184271,-0.690249,-3.123632
1777967205.737946,0.779294,-7.097996,-0.327136,-1.092632,-5.678228
1777967207.634541,0.726694,-9.670238,-0.441332,-1.786457,-7.442449
1777967209.560859,0.703395,-2.981981,-0.138648,-0.557267,-2.286066
1777967211.467232,0.783934,-7.204644,-0.335115,-1.165783,-5.703746
1777967213.407305,0.793461,-7.967094,-0.363487,-1.243043,-6.360565
1777967214.8170729,0.793869,-4.006427,-0.188823,-0.583947,-3.233658
1777967216.800651,0.765669,-8.805058,-0.404167,-1.226384,-7.174506
1777967218.190144,0.778181,-6.275952,-0.287057,-0.840063,-5.148831
1777967219.865803,0.763469,-7.778846,-0.400643,-1.433073,-5.945130
1777967221.574799,0.758623,-5.528719,-0.243369,-0.806342,-4.479008
1777967223.098027,0.779571,-7.114145,-0.342737,-1.017896,-5.753512
1777967224.862991,0.749173,-5.888586,-0.270049,-1.076859,-4.541678
1777967226.2874272,0.805189,-8.116802,-0.391788,-1.351014,-6.374001
1777967228.0615401,0.755339,-6.782344,-0.319892,-1.302831,-5.159621
1777967229.852848,0.764686,-6.261392,-0.283927,-0.931053,-5.046411
1777967231.5466208,0.764200,-7.847970,-0.355132,-1.224242,-6.268597
1777967233.1236281,0.769971,-7.191360,-0.350148,-1.094630,-5.746581
1777967235.16321,0.744895,-5.148221,-0.242513,-0.888812,-4.016896
1777967236.556202,0.812304,-8.021215,-0.391226,-1.267219,-6.362772
1777967238.8279219,0.752018,-6.923490,-0.341553,-1.192834,-5.389102
1777967240.973425,0.707460,-5.565098,-0.283085,-1.288699,-3.993314
1777967242.610553,0.752970,-7.362242,-0.338756,-1.057294,-5.966191
1777967244.766336,0.734115,-6.172305,-0.325364,-1.237934,-4.609007
1777967246.571124,0.768616,-7.263284,-0.331731,-1.209525,-5.722028
1777967248.368333,0.750687,-7.209713,-0.352712,-1.127296,-5.729705
1777967249.9799008,0.778913,-6.040755,-0.305763,-0.942308,-4.792683
1777967251.7317061,0.754767,-5.337033,-0.277671,-0.888961,-4.170402
1777967253.419976,0.781491,-5.975157,-0.293661,-1.037821,-4.643675
1777967255.32811,0.768969,-10.792136,-0.526157,-1.870983,-8.394996
1777967256.991872,0.729195,-6.798293,-0.347480,-1.394001,-5.056811
1777967258.315711,0.773487,-5.278174,-0.263939,-0.778540,-4.235696
1777967259.680078,0.739665,-3.622983,-0.205714,-0.827828,-2.589440
1777967261.476602,0.784845,-4.460342,-0.205403,-0.609438,-3.645502
1777967263.2315369,0.769386,-4.818721,-0.243205,-0.737577,-3.837939
1777967264.720032,0.786661,-8.275469,-0.381953,-1.488878,-6.404638
1777967266.2809951,0.763303,-5.488387,-0.267744,-0.899636,-4.321007
1777967267.7569358,0.757788,-5.617209,-0.270086,-1.070801,-4.276322
1777967269.522162,0.795600,-6.061890,-0.288388,-1.050599,-4.722902
1777967270.9062998,0.777903,-5.760562,-0.269432,-0.657016,-4.834115
1777967272.379204,0.803033,-9.419333,-0.445188,-1.550029,-7.424116
1777967274.085958,0.751818,-4.459826,-0.203881,-0.848390,-3.407555
1777967276.2875662,0.728825,-3.605860,-0.166398,-0.681570,-2.757893
1777967278.211779,0.730155,-5.881342,-0.284294,-1.006918,-4.590130
1777967280.009217,0.765625,-5.473992,-0.296734,-0.862044,-4.315214
1777967281.5110579,0.776931,-4.138037,-0.200545,-0.490242,-3.447250
1777967282.7979689,0.751367,-6.099366,-0.312293,-1.082592,-4.704482
1777967285.2006881,0.762120,-7.035874,-0.330840,-1.223424,-5.481610
1777967287.182915,0.763151,-6.421321,-0.307902,-1.007452,-5.105966
1777967289.361399,0.723504,-6.344982,-0.296852,-1.057541,-4.990588
1777967290.5813508,0.796592,-5.169751,-0.242174,-0.688158,-4.239418
1777967292.483135,0.739241,-4.177561,-0.188574,-0.554075,-3.434912
1777967294.570218,0.761889,-7.173028,-0.336399,-1.244522,-5.592107
1777967296.645247,0.719686,-4.350627,-0.222211,-0.888178,-3.240238
1777967298.409358,0.749263,-8.169154,-0.393857,-1.383097,-6.392200
1777967300.565521,0.697956,-5.782591,-0.309621,-1.173521,-4.299448
1777967302.6110961,0.704133,-4.108934,-0.202402,-0.796196,-3.110337
1777967304.28306,0.711851,-2.733712,-0.143164,-0.423778,-2.166770
1777967305.602301,0.748281,-5.970646,-0.307997,-0.907337,-4.755312
1777967307.852362,0.733133,-6.360951,-0.313580,-1.146479,-4.900893
1777967309.365546,0.773232,-9.391581,-0.453795,-1.737401,-7.200386
1777967310.838163,0.764142,-3.819899,-0.219482,-0.649760,-2.950657
1777967312.073249,0.795822,-4.437733,-0.223028,-0.531571,-3.683134
1777967314.1235142,0.702427,-4.949782,-0.247231,-0.842689,-3.859862
1777967316.0911171,0.757549,-4.128594,-0.209763,-0.895410,-3.023421
1777967317.846545,0.739895,-4.421749,-0.213337,-0.740218,-3.468194
1777967319.2420979,0.782445,-5.201691,-0.262264,-0.789768,-4.149659
1777967321.297538,0.734704,-4.549762,-0.224627,-0.723805,-3.601329
1777967322.546082,0.800109,-4.908817,-0.249817,-0.845840,-3.813159
1777967324.006201,0.782315,-3.803222,-0.176051,-0.788301,-2.838871
1777967325.843245,0.745836,-4.631673,-0.225242,-0.872836,-3.533595
1777967327.5541902,0.798066,-7.656624,-0.380666,-1.360365,-5.915593
1777967328.775536,0.795053,-6.110889,-0.318617,-1.338189,-4.454083
1777967331.1764338,0.763743,-7.528541,-0.336352,-1.375390,-5.816799
1777967332.4551308,0.792802,-5.144800,-0.247894,-0.858865,-4.038041
1777967333.892299,0.733922,-2.474178,-0.111566,-0.310557,-2.052054
1777967334.940348,0.774597,-2.627412,-0.139648,-0.466541,-2.021222
1777967336.32914,0.813140,-8.085478,-0.398305,-1.229197,-6.457976
1777967337.806326,0.763929,-6.542479,-0.327648,-1.078008,-5.136823
1777967338.636844,0.770523,-2.578278,-0.130654,-0.334308,-2.113315
1777967340.012458,0.813524,-4.687562,-0.214039,-0.579861,-3.893661
1777967341.1722581,0.805115,-4.497669,-0.224155,-0.700711,-3.572803
1777967342.852865,0.777933,-6.764843,-0.322190,-1.307657,-5.134996
1777967344.304492,0.738040,-5.982953,-0.306673,-1.021861,-4.654419
1777967345.80545,0.770789,-7.639879,-0.373060,-1.379928,-5.886891
1777967347.355853,0.802619,-7.142099,-0.352354,-1.020337,-5.769409
1777967348.80789,0.751887,-4.082970,-0.193329,-0.806144,-3.083498
1777967350.4231539,0.780397,-6.960635,-0.364519,-1.197504,-5.398612
1777967352.1966348,0.757248,-6.754975,-0.357254,-1.095505,-5.302216
1777967353.519231,0.785153,-7.482014,-0.388689,-1.469479,-5.623846
1777967355.288003,0.728758,-3.936575,-0.203097,-0.759187,-2.974291
1777967356.648465,0.808062,-5.765462,-0.282501,-0.915779,-4.567183
1777967358.1495218,0.797122,-5.643064,-0.269629,-1.203490,-4.169945
1777967359.621602,0.763420,-7.005685,-0.339297,-1.046492,-5.619896
1777967360.986965,0.790967,-8.019639,-0.425114,-1.365832,-6.228693
1777967362.2301319,0.772178,-6.735186,-0.338663,-1.052240,-5.344283
1777967364.358231,0.731312,-7.624939,-0.385032,-1.251297,-5.988610
1777967365.492234,0.777820,-4.333517,-0.224523,-0.764333,-3.344661
1777967366.7893078,0.767158,-7.519098,-0.377121,-1.365791,-5.776186
1777967368.717899,0.776969,-8.324949,-0.409736,-1.598192,-6.317020
1777967370.430793,0.749650,-3.943604,-0.202766,-0.612968,-3.127871
1777967372.5122612,0.725482,-7.044984,-0.370454,-1.273585,-5.400944
1777967373.705564,0.774032,-7.474526,-0.378912,-1.265589,-5.830025
1777967375.287694,0.753435,-7.465295,-0.378218,-1.260435,-5.826642
1777967376.914604,0.741461,-6.820742,-0.353349,-1.149227,-5.318166
1777967378.496573,0.792625,-5.277782,-0.277501,-0.867931,-4.132351
1777967379.635823,0.824829,-5.011166,-0.267658,-0.896838,-3.846670
1777967381.084193,0.749529,-4.359714,-0.236543,-0.837869,-3.285302
1777967383.160775,0.750636,-6.256403,-0.328376,-1.091333,-4.836694
1777967384.888118,0.756939,-5.401886,-0.280356,-0.889792,-4.231737
1777967386.719003,0.722877,-5.814405,-0.301817,-1.081964,-4.430624
1777967388.016841,0.818617,-5.912378,-0.300259,-0.753110,-4.859009
1777967389.871244,0.721330,-5.227708,-0.294467,-0.985524,-3.947717
1777967391.26633,0.780147,-5.477776,-0.275478,-0.862232,-4.340065
1777967392.881579,0.766172,-7.487044,-0.379639,-1.308881,-5.798524
1777967394.760237,0.743551,-3.077881,-0.162645,-0.591789,-2.323447
1777967396.766248,0.754411,-4.857675,-0.235082,-0.847834,-3.774759
1777967398.028107,0.782678,-3.070765,-0.154275,-0.377656,-2.538834
1777967399.1815958,0.747411,-5.357313,-0.274009,-1.129492,-3.953813
1777967400.6373088,0.751954,-5.343402,-0.263946,-1.080146,-3.999310
1777967402.355263,0.707003,-4.365796,-0.214082,-0.708333,-3.443381
1777967403.225879,0.848227,-4.980090,-0.252178,-0.852255,-3.875657
1777967404.421491,0.816652,-4.049011,-0.201286,-0.520701,-3.327024
1777967406.2677948,0.762156,-9.386228,-0.479794,-1.528450,-7.377984
1777967407.807117,0.805783,-6.437387,-0.302848,-1.024618,-5.109922
1777967409.263967,0.802001,-3.564793,-0.175960,-0.500767,-2.888066
1777967410.609973,0.775645,-7.188731,-0.354241,-1.334869,-5.499621
1777967411.892658,0.794136,-8.326357,-0.410531,-1.343335,-6.572491
1777967413.5011148,0.799410,-6.051436,-0.301224,-1.028339,-4.721874
1777967415.491936,0.751898,-4.084109,-0.210034,-0.842747,-3.031328
1777967417.326708,0.748773,-6.288342,-0.299159,-1.212345,-4.776838
1777967419.2265038,0.757216,-5.178807,-0.294700,-0.951384,-3.932723
1777967420.954508,0.755135,-4.535869,-0.239498,-0.928982,-3.367389
1777967422.2947059,0.744619,-2.425302,-0.119604,-0.382816,-1.922882
1777967423.360947,0.771953,-7.729319,-0.391563,-1.113789,-6.223967
1777967424.97336,0.753798,-5.999132,-0.306081,-0.923893,-4.769158
1777967426.4930549,0.744691,-6.031267,-0.322676,-1.230341,-4.478249
1777967428.17423,0.798815,-4.356346,-0.241479,-0.873977,-3.240890
1777967429.621428,0.782735,-4.508563,-0.234559,-0.800386,-3.473618
1777967431.1822,0.766678,-4.919662,-0.242312,-0.917344,-3.760006
1777967432.73424,0.749385,-4.835249,-0.244176,-0.895388,-3.695685
1777967433.885223,0.794637,-3.635151,-0.186681,-0.473818,-2.974652
1777967435.132133,0.815267,-4.899312,-0.246179,-0.663374,-3.989759
1777967436.523255,0.811450,-6.548411,-0.329194,-1.066012,-5.153205
1777967437.7224,0.806676,-8.084110,-0.395351,-1.287789,-6.400970
1777967439.5851572,0.775170,-6.496602,-0.311117,-1.107820,-5.077664
1777967440.960214,0.765153,-5.024065,-0.268555,-1.001732,-3.753778
1777967442.035253,0.799824,-5.621909,-0.291422,-1.173502,-4.156986
1777967443.630195,0.762880,-6.924033,-0.338565,-1.273172,-5.312295
1777967445.298986,0.771008,-5.304997,-0.259816,-1.062063,-3.983119
1777967446.3095832,0.816940,-4.329901,-0.221587,-0.717057,-3.391257
1777967448.0695539,0.795958,-5.405046,-0.244859,-0.863855,-4.296332
1777967449.17105,0.806861,-8.981212,-0.429756,-1.597903,-6.953552
1777967450.704424,0.781882,-7.030863,-0.360137,-1.171940,-5.498785
1777967452.6099992,0.767088,-9.248228,-0.445645,-1.523806,-7.278776
1777967454.206801,0.812028,-5.193810,-0.237630,-0.787160,-4.169021
1777967456.109963,0.789279,-10.713552,-0.550503,-1.965246,-8.197803
1777967457.851228,0.761408,-6.666077,-0.302340,-1.079309,-5.284428
1777967459.915562,0.776201,-5.267618,-0.260417,-1.053984,-3.953218
1777967462.490096,0.743637,-4.963957,-0.252459,-0.874899,-3.836598
1777967463.99708,0.808972,-4.708067,-0.222815,-0.789365,-3.695888
1777967465.8845031,0.799060,-6.058884,-0.299914,-0.922952,-4.836019
1777967467.543861,0.810974,-5.287344,-0.262362,-0.814740,-4.210241
1777967470.666032,0.778330,-6.931874,-0.330646,-1.357974,-5.243254
1777967472.68686,0.755949,-5.703809,-0.271965,-0.934557,-4.497288
1777967474.5302668,0.782668,-7.336740,-0.367500,-1.083810,-5.885431
1777967476.737809,0.750387,-7.426898,-0.330242,-1.081544,-6.015112
1777967478.634512,0.753741,-7.028090,-0.328853,-1.255935,-5.443302
1777967481.191015,0.711939,-5.408684,-0.259101,-0.922634,-4.226949
1777967483.539168,0.715580,-8.334774,-0.359257,-1.296517,-6.679000
1777967485.415949,0.700935,-3.103603,-0.137213,-0.467841,-2.498549
1777967487.4633799,0.724696,-4.602784,-0.202793,-0.601911,-3.798079
1777967490.0123332,0.710706,-5.143706,-0.225741,-0.881556,-4.036409
1777967493.461439,0.688215,-7.758457,-0.309057,-1.161268,-6.288132
1777967495.8703942,0.754263,-8.390771,-0.342109,-0.885837,-7.162825
1777967499.663897,0.669666,-5.639373,-0.246645,-0.897446,-4.495283
1777967503.1147032,0.672979,-2.585383,-0.108620,-0.427728,-2.049035
1777967505.307313,0.735239,-9.030490,-0.345805,-1.186960,-7.497725
1777967507.7428539,0.730576,-8.120972,-0.347003,-1.136979,-6.636990
1777967511.372849,0.690375,-6.275336,-0.245412,-0.777576,-5.252347
1777967514.899319,0.658475,-4.456689,-0.179611,-0.708000,-3.569078
1777967516.840096,0.763225,-7.545613,-0.320427,-1.224625,-6.000562
1777967519.8617148,0.739021,-9.279438,-0.400745,-1.403339,-7.475354
1777967521.4621708,0.761113,-4.595514,-0.192986,-0.573365,-3.829163
1777967523.563339,0.755543,-7.664185,-0.329435,-1.122134,-6.212615
1777967525.9394162,0.708158,-5.258974,-0.231667,-0.780176,-4.247130
1777967527.9535758,0.732823,-3.329475,-0.145087,-0.509478,-2.674910
1777967530.3400571,0.755945,-9.489924,-0.421840,-1.488889,-7.579196
1777967533.172241,0.756924,-10.863256,-0.481248,-1.477470,-8.904537
1777967535.330692,0.766567,-7.932089,-0.362622,-1.055124,-6.514342
1777967538.767991,0.729355,-8.188597,-0.363637,-1.398407,-6.426553
1777967540.740353,0.745103,-5.689803,-0.259384,-0.923529,-4.506890
1777967542.6300328,0.737227,-5.566904,-0.247734,-0.713803,-4.605367
1777967545.0266519,0.737576,-3.517750,-0.172401,-0.666356,-2.678993
1777967547.8327,0.763271,-7.228492,-0.348488,-1.226365,-5.653638
1777967549.763177,0.748155,-4.634272,-0.204895,-0.687212,-3.742165
1777967551.707791,0.758417,-5.768462,-0.262625,-0.879464,-4.626373
1777967553.721062,0.766048,-4.260675,-0.187683,-0.592063,-3.480929
1777967556.31116,0.729564,-7.160312,-0.337556,-1.225678,-5.597078
1777967558.401449,0.738428,-5.295030,-0.266325,-1.040870,-3.987835
1777967560.031729,0.804220,-4.971086,-0.205362,-0.620870,-4.144854
1777967561.916925,0.793323,-5.458697,-0.242352,-0.647582,-4.568763
1777967564.109184,0.776850,-5.076933,-0.216285,-0.664326,-4.196322
1777967566.5128372,0.757852,-7.957122,-0.387415,-1.374266,-6.195441
1777967568.3334908,0.743835,-4.394801,-0.183810,-0.660235,-3.550757
1777967570.1301272,0.762993,-6.154774,-0.260765,-0.670255,-5.223754
1777967572.053644,0.780978,-6.830966,-0.336108,-1.045171,-5.449687
1777967574.232893,0.744232,-6.411248,-0.303481,-1.004531,-5.103236
1777967576.199394,0.724713,-5.970741,-0.273036,-0.928635,-4.769070
1777967578.861621,0.722158,-2.269791,-0.110321,-0.430456,-1.729013
1777967581.2760289,0.741114,-5.043668,-0.216010,-0.888967,-3.938691
1777967583.491507,0.762774,-5.995816,-0.265240,-0.827192,-4.903385
1777967585.7007291,0.794086,-4.089065,-0.193054,-0.683700,-3.212311
1777967588.275063,0.744048,-6.331564,-0.252506,-0.893166,-5.185892
1777967590.707606,0.736126,-3.064788,-0.138361,-0.564395,-2.362032
1777967592.5245109,0.785441,-6.596355,-0.293817,-1.104699,-5.197838
1777967594.547043,0.771786,-3.823130,-0.186922,-0.706263,-2.929946
1777967597.0619159,0.742023,-5.655783,-0.248429,-0.819294,-4.588059
1777967599.282021,0.779398,-9.547447,-0.425813,-1.425034,-7.696600
1777967602.611757,0.704109,-3.829696,-0.181816,-0.770938,-2.876942
1777967604.190561,0.773165,-6.283767,-0.296287,-1.036924,-4.950557
1777967606.258904,0.736594,-3.095029,-0.151579,-0.592399,-2.351051
1777967608.564016,0.762983,-5.527310,-0.276929,-0.977216,-4.273165
1777967610.689821,0.751163,-4.756029,-0.229886,-0.771230,-3.754912
1777967612.336731,0.808705,-7.723556,-0.368005,-1.242282,-6.113269
1777967614.221607,0.757961,-3.142570,-0.165063,-0.614432,-2.363075
1777967616.297512,0.737906,-3.791749,-0.186302,-0.723994,-2.881453
1777967618.196074,0.778611,-4.687076,-0.208386,-0.749710,-3.728979
1777967619.9206731,0.763343,-6.372381,-0.293684,-0.770893,-5.307804
1777967621.9232872,0.789755,-6.096495,-0.280322,-0.957077,-4.859097
1777967623.7802398,0.782710,-3.431558,-0.163133,-0.556908,-2.711517
1777967625.9404008,0.722941,-4.260903,-0.210302,-0.848510,-3.202091
1777967627.594476,0.809722,-2.742860,-0.152641,-0.511769,-2.078450
1777967629.253396,0.799038,-6.649276,-0.303000,-1.193193,-5.153083
1777967631.003693,0.785848,-3.346785,-0.174709,-0.561617,-2.610458
1777967632.9873412,0.777005,-7.503012,-0.371815,-1.294403,-5.836794
1777967635.765934,0.767489,-5.024218,-0.248637,-0.921008,-3.854572
1777967637.67018,0.751000,-5.393884,-0.269969,-0.977425,-4.146490
1777967639.464841,0.798891,-5.432870,-0.274067,-0.750612,-4.408191
1777967641.3564951,0.777778,-4.821183,-0.218199,-0.684062,-3.918922
1777967643.3815901,0.762148,-5.008172,-0.240083,-0.837310,-3.930779
1777967645.3737228,0.755657,-6.843698,-0.305674,-1.125172,-5.412852
1777967647.778194,0.721099,-2.571201,-0.130420,-0.631622,-1.809159
1777967649.793393,0.748511,-3.348323,-0.157058,-0.582215,-2.609050
1777967651.274389,0.799511,-3.544649,-0.163612,-0.401539,-2.979498
1777967653.487682,0.778312,-7.020800,-0.305574,-1.182626,-5.532599
1777967655.577756,0.736962,-3.788804,-0.176398,-0.571380,-3.041025
1777967657.0704231,0.804877,-7.216232,-0.334231,-1.059311,-5.822691
1777967659.435223,0.730168,-3.970688,-0.219031,-0.973628,-2.778028
1777967661.293925,0.802254,-6.381990,-0.302346,-1.024749,-5.054895
1777967663.2668421,0.798421,-6.213681,-0.307924,-1.067305,-4.838451
1777967664.9845939,0.776115,-3.674583,-0.172105,-0.530157,-2.972322
1777967667.077366,0.763175,-5.907470,-0.275997,-0.926506,-4.704967
1777967669.1979039,0.746969,-5.780755,-0.249151,-0.876530,-4.655075
1777967671.671351,0.753135,-4.835687,-0.227458,-0.983550,-3.624680
1777967673.897778,0.786545,-8.382766,-0.374230,-1.317067,-6.691468
1777967676.60566,0.751193,-2.805716,-0.125332,-0.382920,-2.297464
1777967678.751214,0.762767,-5.460087,-0.263600,-0.903058,-4.293429
1777967680.793372,0.792583,-4.883617,-0.219898,-0.570657,-4.093062
1777967682.5798578,0.759599,-6.042693,-0.292879,-0.880027,-4.869787
1777967684.627009,0.774689,-7.637099,-0.366755,-1.366481,-5.903863
1777967686.701851,0.748327,-4.894246,-0.231499,-0.897210,-3.765537
1777967688.417321,0.786841,-6.664894,-0.324875,-0.965242,-5.374777
1777967690.6014059,0.742010,-4.957427,-0.239675,-0.777604,-3.940147
1777967692.709883,0.740927,-4.274006,-0.205527,-0.770639,-3.297840
1777967694.683964,0.774564,-7.289464,-0.341941,-1.344499,-5.603024
1777967696.743097,0.775041,-5.944891,-0.268761,-1.006803,-4.669327
1777967699.249263,0.742936,-7.406836,-0.358024,-1.439901,-5.608911
1777967701.261091,0.750441,-5.286344,-0.256110,-0.830200,-4.200034
1777967703.323703,0.769634,-7.184633,-0.333602,-1.199633,-5.651398
1777967704.774712,0.803217,-4.616043,-0.216364,-0.775143,-3.624537
1777967706.441545,0.750011,-4.792428,-0.229919,-0.770509,-3.792001
1777967708.412881,0.732064,-6.145368,-0.290075,-1.296177,-4.559115
1777967710.038623,0.856478,-6.476368,-0.304020,-1.069868,-5.102479
1777967711.9029021,0.755075,-4.017951,-0.196029,-0.708699,-3.113223
1777967714.114293,0.725852,-5.666973,-0.277785,-0.976885,-4.412303
1777967716.379304,0.763774,-7.333110,-0.371240,-1.351009,-5.610861
1777967718.74822,0.790388,-6.062658,-0.275232,-0.839465,-4.947961
1777967720.821929,0.796582,-6.179900,-0.303819,-1.110807,-4.765274
1777967722.534451,0.784978,-5.152122,-0.251176,-0.840062,-4.060884
1777967724.8173618,0.763567,-4.345055,-0.231393,-0.662113,-3.451548
1777967727.471013,0.747328,-6.075809,-0.298651,-1.254855,-4.522304
1777967729.337732,0.786614,-3.499401,-0.152555,-0.580131,-2.766715
1777967731.453417,0.782534,-7.014846,-0.317924,-1.216543,-5.480380
1777967733.311245,0.774059,-8.328447,-0.381149,-1.157143,-6.790155
1777967735.1487281,0.803896,-5.152177,-0.255864,-0.892911,-4.003403
1777967736.786965,0.780624,-5.038528,-0.246945,-0.814497,-3.977086
1777967738.7603252,0.744105,-4.357648,-0.225489,-0.805300,-3.326859
1777967740.2557921,0.744743,-4.367381,-0.204603,-0.786439,-3.376340
1777967742.499308,0.777838,-2.395675,-0.124445,-0.460811,-1.810419
1777967744.0085719,0.770871,-1.890953,-0.091255,-0.230734,-1.568964
1777967745.60901,0.785854,-8.220620,-0.400362,-1.459825,-6.360434
1777967747.620308,0.771811,-7.129613,-0.349628,-1.182598,-5.597387
1777967749.3418229,0.759372,-6.197432,-0.311878,-1.261585,-4.623968
1777967751.351377,0.767460,-4.438615,-0.237685,-0.766322,-3.434608
1777967753.382051,0.744838,-4.040972,-0.193293,-0.765928,-3.081750
1777967755.699439,0.768713,-5.653391,-0.261405,-0.952859,-4.439127
1777967757.240648,0.818786,-5.233785,-0.233767,-0.718866,-4.281152
1777967758.216154,0.753310,-6.912400,-0.328271,-1.366379,-5.217750
